Title,Date
Florida Man: Limited Series: The Realest Goddamned Place on Earth,15/04/2023
Obsession: Limited Series: Episode 4,15/04/2023
AlRawabi School for Girls: Season 1: School Was My Happy Place,15/04/2023
School Life,15/04/2023
Thicker Than Water: This Stays Between Us,10/04/2023
Chupa,10/04/2023
"IRL - In Real Love: First Sight, First Swipe",10/04/2023
A Simple Lie,09/04/2023
BEEF: Figures of Light,09/04/2023
Copycat Killer: Episode 1,09/04/2023
Hunger,09/04/2023
Unseen: Episode 6,08/04/2023
Lewis Capaldi: How I'm Feeling Now,08/04/2023
Unstable: The Wizard of Odd,08/04/2023
Who Were We Running From?: Episode 3,07/04/2023
Furies,05/04/2023
My Name Is Mo’Nique,05/04/2023
Big Mäck: Gangsters and Gold,05/04/2023
Chor Nikal Ke Bhaga,04/04/2023
Messiah: He That Hath an Ear,04/04/2023
Mae Martin: SAP,04/04/2023
Kill Boksoon,03/04/2023
Murder Mystery 2,02/04/2023
Waco: American Apocalypse: Limited Series: Fire,01/04/2023
Sky High: The Series: The Living and the Dead,30/03/2023
Emergency: NYC: You're Not Alone,29/03/2023
The Night Agent: Fathers,29/03/2023
Bert Kreischer: Razzle Dazzle,24/03/2023
Sex/Life: Season 2: Heavenly Day,22/03/2023
Caught Out: Crime. Corruption. Cricket.,22/03/2023
"Devotion, a Story of Love and Desire: Episode 1",20/03/2023
The Magician's Elephant,19/03/2023
The Future Of: Life After Death,19/03/2023
Inventing Anna: Limited Series: Life of a VIP,19/03/2023
Maestro in Blue: Clair De Lune,19/03/2023
Noise,19/03/2023
Sommore: Queen Chandelier,19/03/2023
Still Time,18/03/2023
Faraway,18/03/2023
Shadow and Bone: Season 1: A Searing Burst of Light,17/03/2023
Explained: Season 3: Apologies,16/03/2023
The Joys and Sorrows of Young Yuguo,16/03/2023
Our Universe: Chasing Starlight,16/03/2023
Outlast: Fire. Water. Flare.,16/03/2023
Money Shot: The Pornhub Story,16/03/2023
The Sleepover,12/03/2023
Fistful of Vengeance,12/03/2023
Black Crab,12/03/2023
Luther: The Fallen Sun,12/03/2023
Get Smart With Money,12/03/2023
MH370: The Plane That Disappeared: Limited Series: The Intercept,12/03/2023
You: Season 4: The Death of Jonathan Moore,10/03/2023
Chris Rock: Selective Outrage,08/03/2023
10 Days of a Good Man,08/03/2023
Lady Voyeur: Limited Series: The Year I Lived Two Lives,07/03/2023
The Harder They Fall,07/03/2023
The Strays,07/03/2023
"In the Name of God: A Holy Betrayal: JMS, Messiah on Red Notice",06/03/2023
Too Hot to Handle: Germany: The Tropical Sexometer,06/03/2023
Monique Olivier: Accessory to Evil: Limited Series: Deal with the Devil,05/03/2023
Focus,04/03/2023
Murdaugh Murders: A Southern Scandal: Limited Series: Murders at Moselle,04/03/2023
The Fall: Season 1: Dark Descent,04/03/2023
Tonight You're Sleeping with Me,04/03/2023
We Have a Ghost,27/02/2023
The Law According to Lidia Poët: Episode 6,25/02/2023
Salt,23/02/2023
Married to Work,19/02/2023
Beneath,19/02/2023
A Girl and an Astronaut: Episode 1,19/02/2023
Lesson Plan,18/02/2023
African Queens: Njinga: Legacy,18/02/2023
Red Rose: It's Grim Up North,18/02/2023
Bushwick,18/02/2023
Your Place or Mine,17/02/2023
A Sunday Affair,15/02/2023
Narvik,15/02/2023
Possessed,15/02/2023
Unlocked,15/02/2023
Before Valentine's,15/02/2023
Max Steel,14/02/2023
High Water: Episode 1,14/02/2023
Infiesto,14/02/2023
Bill Russell: Legend: Part 1,09/02/2023
Murder Mystery,07/02/2023
The Plan: Episode 1,06/02/2023
Dark October,05/02/2023
Viking Wolf,05/02/2023
Gunther's Millions: Limited Series: Lucky Dog,05/02/2023
You People,05/02/2023
"Pamela, a love story",04/02/2023
Ancient Apocalypse: Survivor in a Time of Chaos,04/02/2023
Medieval,29/01/2023
The Snow Girl: Episode 1,29/01/2023
Jolt,29/01/2023
Women at War: Limited Series: Episode 8,29/01/2023
Kedibone,24/01/2023
Shanty Town: Episode 6,24/01/2023
JUNG_E,23/01/2023
Devotion,23/01/2023
Blood & Water: Season 3: A Tale of Two Sisters,22/01/2023
The Wait,21/01/2023
Descendant,21/01/2023
Naomi Osaka: Limited Series: New Blueprint,20/01/2023
Sicario,19/01/2023
The Principles of Pleasure: Limited Series: Our Relationships,19/01/2023
Emily in Paris: Season 3: Charade,17/01/2023
Break Point: The Maverick,16/01/2023
In From the Cold: The Bride,14/01/2023
The Hatchet Wielding Hitchhiker,13/01/2023
Woman of the Dead: Among the Dead,12/01/2023
Lone Survivor,11/01/2023
Ginny & Georgia: Season 2: I'm No Cinderella,11/01/2023
Live to Lead: Ruth Bader Ginsburg,10/01/2023
The Pale Blue Eye,10/01/2023
MADOFF: The Monster of Wall Street: Limited Series: The Price of Trust,09/01/2023
Anna,08/01/2023
How I Became a Gangster,07/01/2023
Kaleidoscope: Limited Series: White (The Heist),03/01/2023
The Clovehitch Killer,02/01/2023
White Noise,30/12/2022
A Quiet Place Part II,30/12/2022
"The Witcher: Blood Origin: Limited Series: Of Ballads, Brawlers, and Bloodied Blades",30/12/2022
"Roman J. Israel, Esq.",29/12/2022
A Night at the Kindergarten,29/12/2022
A Not So Merry Christmas,28/12/2022
Roald Dahl's Matilda The Musical,28/12/2022
Knives Out,28/12/2022
Glass Onion: A Knives Out Mystery,27/12/2022
Meltdown: Three Mile Island: Limited Series: Fallout,27/12/2022
Treason: Limited Series: Episode 5,27/12/2022
Earthstorm: Tornado,24/12/2022
The Volcano: Rescue from Whakaari,24/12/2022
Wendell & Wild,21/12/2022
My Dad's on Death Row,21/12/2022
Beast of Bangalore: Indian Predator: Limited Series: 1996,21/12/2022
Gabriel Iglesias: Stadium Fluffy,21/12/2022
Captains: Captains,21/12/2022
Far From Home: Revelations Are Forever,21/12/2022
 ,20/12/2022
The Recruit: Season 1: W.T.F.I.O.H.,19/12/2022
Mr. Good: Cop or Crook?: Old-school Cop,18/12/2022
The Big 4,17/12/2022
Yara,17/12/2022
Don't Pick Up the Phone: Episode 1,16/12/2022
Harry & Meghan: Limited Series: Episode 1,16/12/2022
Prisoners,15/12/2022
Jimmy Savile: A British Horror Story: Limited Series: Part 1,13/12/2022
Lady Chatterley's Lover,13/12/2022
The Marriage App,12/12/2022
Elite: Season 6: Separation,11/12/2022
Guillermo del Toro’s Pinocchio,11/12/2022
In Broad Daylight: The Narvarte Case,11/12/2022
Troll,10/12/2022
Hot Skull: Galanthus Byzantinus,10/12/2022
A Man of Action,09/12/2022
Dead End: Episode 6,04/12/2022
Sr.,04/12/2022
Romesh Ranganathan: The Cynic: Episode 1,03/12/2022
The Masked Scammer,03/12/2022
My Name Is Vendetta,03/12/2022
Amar,02/12/2022
Take Your Pills: Xanax,30/11/2022
Somebody: Episode 1,30/11/2022
Crime Scene: The Texas Killing Fields: Limited Series: Nobody Sees Anything,30/11/2022
Voyeur,29/11/2022
The Swimmers,28/11/2022
"Web of Make Believe: Death, Lies and the Internet: The Stingray, Part 2",28/11/2022
Wednesday: Season 1: Wednesday's Child Is Full of Woe,27/11/2022
The Last Dolphin King,27/11/2022
ReMastered: The Lion's Share,27/11/2022
Stutz,27/11/2022
Ghislaine Maxwell: Filthy Rich,27/11/2022
The Noel Diary,24/11/2022
1899: The Storm,23/11/2022
Murder to Mercy: The Cyntoia Brown Story,23/11/2022
Trevor Noah: Son of Patricia,22/11/2022
Deon Cole: Charleen’s Boy,22/11/2022
The Crown: Season 1: Wolferton Splash,22/11/2022
Enola Holmes,21/11/2022
Enola Holmes 2,21/11/2022
Off Track,21/11/2022
Dead to Me: Season 1: Pilot,21/11/2022
Racionais MC's: From the Streets of São Paulo,20/11/2022
Slumberland,19/11/2022
"Pepsi, Where's My Jet?: Limited Series: Landing the Plane",19/11/2022
The Wonder,17/11/2022
Don't Leave,17/11/2022
Falling for Christmas,17/11/2022
Warrior Nun: Season 2: Jeremiah 29:13,16/11/2022
My Next Guest Needs No Introduction With David Letterman: Season 4: Kevin Durant,15/11/2022
State of Alabama vs. Brittany Smith,14/11/2022
Dinner at My Place,14/11/2022
FIFA Uncovered: Limited Series: Episode 4,14/11/2022
Lost Bullet,14/11/2022
Lost Bullet 2,13/11/2022
Capturing the Killer Nurse,12/11/2022
Fugitive: The Curious Case of Carlos Ghosn,10/11/2022
Vatican Girl: The Disappearance of Emanuela Orlandi: Limited Series: Part 1,08/11/2022
Unsolved Mysteries: Volume 3: Death in a Vegas Motel,08/11/2022

Inside Man: Episode 1,07/11/2022
Orgasm Inc: The Story of OneTaste,07/11/2022
Ẹlẹṣin Ọba: The King's Horseman,06/11/2022
Triple 9,05/11/2022
Killer Sally: Limited Series: Valentine's Day,05/11/2022
The Takeover,01/11/2022
The School for Good and Evil,31/10/2022
If Only: Blood Moon,30/10/2022
Indian Predator: Murder in a Courtroom: Limited Series: Episode 1,30/10/2022
The Stranger,30/10/2022
Wild Is the Wind,29/10/2022
All Quiet on the Western Front,29/10/2022
I AM A STALKER: One Last Chance,29/10/2022
High: Confessions of an Ibiza Drug Mule: Episode 4,29/10/2022
From Scratch: Limited Series: Aftertastes,28/10/2022
The Playlist: Limited Series: The Vision,27/10/2022
The Green Glove Gang: Episode 1,26/10/2022
The Good Nurse,26/10/2022
Luckiest Girl Alive,25/10/2022
Forever Rich,18/10/2022
Soólè,16/10/2022
Pixels,14/10/2022
The House Next Door: Meet the Blacks 2,14/10/2022
Someone Borrowed,12/10/2022
Togo,12/10/2022
Cam,10/10/2022
Old People,10/10/2022
The Mole: Are You The Mole?,10/10/2022
Hasan Minhaj: The King's Jester,09/10/2022
The Trapped 13: How We Survived The Thai Cave,09/10/2022
Aftershock: Everest and the Nepal Earthquake: Wrong Place Wrong Time,09/10/2022
Jumping from High Places,09/10/2022
Conversations with a Killer: The Jeffrey Dahmer Tapes: Limited Series: Can I Take Your Picture?,09/10/2022
The Redeem Team,08/10/2022
Mr. Harrigan's Phone,08/10/2022
Aki and Paw Paw,04/10/2022
Aníkúlápó,04/10/2022
Human Playground: Rites of Passage,02/10/2022
Nick Kroll: Little Big Boy,02/10/2022
All This Mayhem,02/10/2022
The Boy Next Door,02/10/2022
Franco: The Brutal Truth about Spain’s Dictator: The Rise to Power,02/10/2022
White Girl,02/10/2022
The Package,02/10/2022
Duck Butter,02/10/2022
Fucking Berlin,02/10/2022
The Woman in the House Across the Street from the Girl in the Window: Episode 1,01/10/2022
Entergalactic,01/10/2022
Into the Deep: The Submarine Murder Case,01/10/2022
Inside the World’s Toughest Prisons: Season 6: Moldova: The Lifers Prison,01/10/2022
Snabba Cash: Season 1: Shuno Is 12 Percent,30/09/2022
Minions & More Volume 1,30/09/2022
"Cryptopia: Bitcoin, Blockchains and the Future of the Internet",29/09/2022
Eat the Rich: The GameStop Saga: Limited Series: The Reckoning,29/09/2022
Premium Rush,29/09/2022
Fullmetal Alchemist The Final Alchemy,28/09/2022
Cold Feet,28/09/2022
Blonde,28/09/2022
A Trip to Infinity,28/09/2022
ATHENA,27/09/2022
A Jazzman's Blues,27/09/2022
Fortune Seller: A TV Scam: Devils,27/09/2022
The Perfumier,26/09/2022
The Girls at the Back: Episode 6,25/09/2022
Lou,25/09/2022
"DAHMER: Monster: The Jeffrey Dahmer Story: God of Forgiveness, God of Vengeance",24/09/2022
The Real Bling Ring: Hollywood Heist: Limited Series: Fame and Misfortune,24/09/2022
This Is the End,21/09/2022
A Kidnapping Scandal: The Florence Cassez Affair: The Setup,21/09/2022
I Used to Be Famous,19/09/2022
The Catholic School,19/09/2022
Do Revenge,18/09/2022
End of the Road,18/09/2022
Skandal! Bringing Down Wirecard,18/09/2022
Terim: EP1,15/09/2022
Sins of Our Mother: Limited Series: A Mother Knows,15/09/2022
No Limit,14/09/2022
Loving Adults,14/09/2022
The Imperfects: Portland Warehouse Massacre,14/09/2022
The Anthrax Attacks,13/09/2022
Love in the Villa,08/09/2022
Untold: The Race of the Century,08/09/2022
Mechanic: Resurrection,07/09/2022
I Came By,05/09/2022
Trust No One: The Hunt for the Crypto King,29/08/2022
History 101: Season 2: GPS,28/08/2022
Kleo: The Minister,27/08/2022
Model: Auditions,27/08/2022
Running with the Devil: The Wild World of John McAfee,27/08/2022
Me Time,26/08/2022
Come Sunday,26/08/2022
Locked Down,26/08/2022
That's Amor,26/08/2022
Echoes: Limited Series: Home,25/08/2022
Shania Twain: Not Just a Girl,24/08/2022
FullMetal Alchemist,24/08/2022
Royalteen,23/08/2022
Hire a Woman,23/08/2022
The Next 365 Days,23/08/2022
Clark: Limited Series: Let the Party Begin,22/08/2022
Dwindle,22/08/2022
The Motive: Limited Series: Episode 1,20/08/2022
Brother,20/08/2022
Inside the Mind of a Cat,20/08/2022
The Set Up,19/08/2022
Look Both Ways,19/08/2022
Kung Fu Panda: The Dragon Knight: Season 1: The Knight's Code,18/08/2022
The Deep End of the Ocean,17/08/2022
Story of…Coffee,16/08/2022
Code Name: Emperor,14/08/2022
Is God a Number?,14/08/2022
Downfall: The Case Against Boeing,14/08/2022
Stay on Board: The Leo Baker Story,14/08/2022
800 Meters: Limited Series: A Group of Friends,14/08/2022
The Razz Guy,14/08/2022
How to Change Your Mind: Limited Series: Chapter 1: LSD,14/08/2022
Hit & Run: Search & Destroy,12/08/2022
Day Shift,12/08/2022
Bank Robbers: The Last Great Heist,12/08/2022
Office Invasion,11/08/2022
Interceptor,11/08/2022
Love Is Blind: Season 2: The Pods Are Open!,11/08/2022
Don’t Blame Karma!,11/08/2022
My Village People,10/08/2022
I Just Killed My Dad: Season 1: Big Bad Burt,10/08/2022
Buba,10/08/2022
Wedding Season,08/08/2022
Trainwreck: Woodstock '99: You Can’t Stop a Riot in the 90s,08/08/2022
The Sandman: Sleep of the Just,08/08/2022
Carter,07/08/2022
The Entitled,07/08/2022
Lockdown,05/08/2022
Borga,05/08/2022
A Series of Unfortunate Events: Season 2: The Hostile Hospital: Part 2,31/07/2022
Raising Dion: Season 1: ISSUE #108: You Won't Like Him When He's Angry,31/07/2022
Purple Hearts,30/07/2022
Afrobeats: The Backstory: Afrobeats to the World,30/07/2022
Recurrence,30/07/2022
Keep Breathing: Limited Series: You Are Home,30/07/2022
Live is Life,29/07/2022
The Most Hated Man on the Internet: Limited Series: Episode 3,28/07/2022
Joy,24/07/2022
Never Stop Dreaming: The Life and Legacy of Shimon Peres,24/07/2022
The Gray Man,23/07/2022
Alba: Chapter 13,19/07/2022
Valley of the Dead,17/07/2022
Resident Evil: Revelations,17/07/2022
Persuasion,17/07/2022
The Hidden Lives of Pets: Communication,16/07/2022
Keep Sweet: Pray and Obey: Limited Series: Part Two,16/07/2022
My Daughter’s Killer,16/07/2022
D.B. Cooper: Where Are You?!: Limited Series: Cooperland,16/07/2022
Dangerous Liaisons,14/07/2022
Sniper: Assassin's End,12/07/2022
The Sea Beast,11/07/2022
How To Build a Sex Room: What Goes on Behind Closed Doors,11/07/2022
The Longest Night: Episode 6,10/07/2022
Girl in the Picture,09/07/2022
jeen-yuhs: A Kanye Trilogy: act i: VISION,20/03/2022
The Great Robbery of Brazil's Central Bank: Cursed Money,20/03/2022
For Life: Brother's Keeper,20/03/2022
Black Rose,18/03/2022
Love Tactics,17/03/2022
The Bombardment,17/03/2022
The Adam Project,15/03/2022
PIECES OF HER: Episode 8,08/03/2022
Omo Ghetto: the Saga,07/03/2022
Restless,06/03/2022

Worst Roommate Ever: Season 1: Roommate Wanted - Part 2,06/03/2022
Rick and Morty: Season 1: Pilot,06/03/2022
Slay,05/03/2022
The Weekend Away,05/03/2022
Brooklyn Nine-Nine: Season 7: Lights Out,05/03/2022
Race: Bubba Wallace: Limited Series: A Fresh Start,25/02/2022
Last Flight to Abuja,23/02/2022
Swallow,21/02/2022
Day of Destiny,20/02/2022
The Intruder,20/02/2022
Texas Chainsaw Massacre,19/02/2022
Diamonds in the Sky,18/02/2022
Get Hard,17/02/2022
"I, Frankenstein",17/02/2022
Snowpiercer: Season 3: The Tortoise and the Hare,16/02/2022
Game Changer,14/02/2022
Cheer: Season 2: Everybody Hopes,13/02/2022
FYRE: The Greatest Party That Never Happened,13/02/2022
Forecasting Love and Weather: Signal,13/02/2022
Captain Phillips,13/02/2022
All of Us Are Dead: Season 1: Episode 1,12/02/2022
The Puppet Master: Hunting the Ultimate Conman: Season 1: They Vanished,12/02/2022
The Magnificent Seven,12/02/2022
All the Money in the World,12/02/2022
The Tinder Swindler,12/02/2022
Spider-Man: Into the Spider-Verse,11/02/2022
The Privilege,09/02/2022
Amandla,30/01/2022
Rogue City,29/01/2022
Neymar: The Perfect Chaos: Limited Series: This is Paris,29/01/2022
How I Fell in Love with a Gangster,28/01/2022
Angeliena,27/01/2022
أصحاب ...ولا أعزّ,26/01/2022
Primal,25/01/2022
Brazen,23/01/2022
Archive 81: Mystery Signals,23/01/2022
The Royal Treatment,23/01/2022
Babies: Part 2: What Babies Know,19/01/2022
Copshop,18/01/2022
Chief Daddy 2 - Going for Broke,18/01/2022
The Girl in the Yellow Jumper,17/01/2022
Mother/Android,13/01/2022
Stay Close: Limited Series: Episode 1,13/01/2022
Don't Look Up,08/01/2022
Manifest: Season 1: Pilot,08/01/2022
The Big Bang Theory: Season 1: The Fuzzy Boots Corollary,08/01/2022
Dave Chappelle: Equanimity & The Bird Revelation: Collection: Dave Chappelle: The Bird Revelation,05/01/2022
Minnal Murali,05/01/2022
STAND BY ME Doraemon 2,03/01/2022
Lulli,02/01/2022
Seal Team,01/01/2022
Anxious People: Limited Series: The Eighth Person,30/12/2021
Death to 2021,30/12/2021
Arthur Christmas,28/12/2021
PAW Patrol: Season 6: Pups Save the Jungle Penguins / Pups Save a Freighter,28/12/2021
The Matrix Revolutions,28/12/2021
The Matrix,26/12/2021
The Silent Sea: Balhae Lunar Research Station,26/12/2021
The Last Kingdom: Season 1: Episode 5,26/12/2021
The Hand of God,26/12/2021
Sentinelle,25/12/2021
Jack Reacher: Never Go Back,25/12/2021
Spenser Confidential,25/12/2021
Crazy Rich Asians,25/12/2021
Ella Enchanted,25/12/2021
Mirage,25/12/2021
Back to the Outback,23/12/2021
The Meg,21/12/2021
Arcane: The Monster You Created,18/12/2021
137 Shots,17/12/2021
A Naija Christmas,17/12/2021
Interstellar,15/12/2021
Till Death: Season 1: Episode 1,14/12/2021
Anonymously Yours,13/12/2021
The Unforgivable,13/12/2021
Two,13/12/2021
Titans: Season 2: Trigon,13/12/2021
Hitler's Circle of Evil: Meltdown,13/12/2021
How to Ruin Christmas: The Funeral: Here We Go Again,12/12/2021
Money Heist: From Tokyo to Berlin: Volume 2: Episode 1,09/12/2021
Jurassic World Camp Cretaceous: Season 1: The Cattle Drive,06/12/2021
Bordertown: Mural Murders,06/12/2021
The Power of the Dog,06/12/2021
Ozark: Season 1: My Dripping Sleep,04/12/2021
King of Boys: The Return of the King: Limited Series: A King's Welcome,03/12/2021
"Demon Slayer: Kimetsu no Yaiba: Tanjiro Kamado, Unwavering Resolve Arc: Cruelty",03/12/2021
Elves: The Sacrifice,03/12/2021
Fine Wine,02/12/2021
Bleach,01/12/2021
Ransom,01/12/2021
Break,01/12/2021
The Girl with the Dragon Tattoo,29/11/2021
True Story: Limited Series: Chapter 1: The King of Comedy,29/11/2021
13 Commandments: Episode 1,28/11/2021
Meet the In-Laws,28/11/2021
Dig Deeper: The Disappearance of Birgit Meier: Limited Series: Episode 4,28/11/2021
THE FABLE: The Killer Who Doesn't Kill,28/11/2021
Dhamaka,27/11/2021
Seaspiracy,27/11/2021
Taare Zameen Par,27/11/2021
Earth and Blood,27/11/2021
The Night Comes for Us,27/11/2021
Designated Survivor: Season 2: The Final Frontier,26/11/2021
A Christmas Prince: The Royal Baby,26/11/2021
Outlaws,25/11/2021
Bruised,25/11/2021
Most Eligible Bachelor,25/11/2021
Love Me Instead,25/11/2021
Tenant of the House,24/11/2021
Gridlocked,24/11/2021
Lockout,23/11/2021
3 Idiots,23/11/2021
The CEO,22/11/2021
Nigerian Prince,22/11/2021
365 Days,21/11/2021
Rising High,21/11/2021
Just Short of Perfect,21/11/2021
The Princess Switch 3: Romancing the Star,21/11/2021
Hellbound: Season 1: Episode 1,21/11/2021
Red Notice,21/11/2021
American Gangster,21/11/2021
The Outsider,21/11/2021
The Unlikely Murderer: Limited Series: Episode 1,20/11/2021
Bullet to the Head,20/11/2021
Mosul,20/11/2021
Da 5 Bloods,20/11/2021
Jarhead 3: The Siege,20/11/2021
The Killer,20/11/2021
Rurouni Kenshin: The Beginning,20/11/2021
Alter Ego,18/11/2021
Saving Private Ryan,18/11/2021
War,17/11/2021
Saaho,16/11/2021
Love Hard,16/11/2021
Zero to Hero,16/11/2021
Zoo: First Blood,16/11/2021
Diana: The Musical,15/11/2021
Animal: Season 1: Dogs,15/11/2021
Passing,15/11/2021
Mowgli: Legend of the Jungle,15/11/2021
Castle and Castle: Season 2: Episode 6,15/11/2021
Dynasty Warriors,15/11/2021
7 Prisoners,14/11/2021
Beowulf,14/11/2021
Kung Fu Jungle,14/11/2021
Monk Comes Down the Mountain,13/11/2021
Troy,13/11/2021
Army of Thieves,13/11/2021
Narcos: Mexico: Season 3: Los Juniors,12/11/2021
Happiness Ever After,12/11/2021
Sisterakas,11/11/2021
Amina,10/11/2021
Oga Bolaji,09/11/2021
"Squid Game: Season 1: Red Light, Green Light",07/11/2021
Jungle Beat: The Movie,07/11/2021
The Rain: Season 1: Stay Inside,07/11/2021
"Where is Marta?: Limited Series: No further questions, your honor?",07/11/2021
Stranger Things: Chapter One: The Vanishing of Will Byers,07/11/2021
Strong Girl Bong-soon: Episode 13,07/11/2021
Feel the Beat,07/11/2021
Black Space: Episode 1,06/11/2021
Colin in Black & White: Limited Series: Quarterbackin',06/11/2021
Black Holes | The Edge of All We Know,05/11/2021
My Love: Six Stories of True Love: Limited Series: Brazil: Nicinha & Jurema,05/11/2021
Sløborn: Ankunft,05/11/2021
Den of Thieves,05/11/2021
Baking Impossible: Whatever Floats Your Boat,05/11/2021
Victorious: Pilot,05/11/2021
H2O: Just Add Water: Season 1: Metamorphosis,05/11/2021
Julie and the Phantoms: Stand Tall,05/11/2021
Our Planet - Behind The Scenes,04/11/2021
Lords of Scam,04/11/2021
You're My Boss,04/11/2021
Vivah,04/11/2021
Safe House,04/11/2021
Army of the Dead,04/11/2021
"Catching Killers: Season 1: True Lies, Part 2: The Happy Face Killer",04/11/2021
The Smart Money Woman: Episode 7,04/11/2021
Punisher: War Zone,03/11/2021
Time to Hunt,31/10/2021
Stuck Together,30/10/2021
A Madea Family Funeral,30/10/2021
Azali,30/10/2021
A Man Apart,29/10/2021
Maid: Limited Series: Snaps,29/10/2021
Polar,29/10/2021
The Hard Way,29/10/2021
Gone,28/10/2021
Lagaan,28/10/2021
Dangal,28/10/2021
I'm not a robot: Episode 1,28/10/2021
Are You Human: EP18,28/10/2021
Night Teeth,28/10/2021
The Old Guard,27/10/2021
Wok of Love: Episode 1,27/10/2021
My Name: Episode 2,27/10/2021
Bodyguard: Episode 6,27/10/2021
Marvel's The Punisher: Two Dead Men,26/10/2021
House of Secrets: The Burari Deaths: Limited Series: 11 Bodies,25/10/2021
Gandhi,25/10/2021
Sugar Rush,24/10/2021
The King: Eternal Monarch: Episode 2,24/10/2021
Maria,24/10/2021
Life's a Glitch with Julien Bam: Bad Timing,24/10/2021
The Raincoat Killer: Chasing a Predator in Korea: The Hammer Comes Down,24/10/2021
Jumanji: Welcome to the Jungle,24/10/2021
All About the Washingtons: Sip Stop Hooray,24/10/2021
Point Blank,24/10/2021
Little Big Mouth,23/10/2021
Berlin Station: Station to Station,22/10/2021
Ronaldo,21/10/2021
Disco Dancer,21/10/2021
The 15:17 to Paris,21/10/2021
Merlin: The Beginning of the End,19/10/2021
Street Kings,19/10/2021
Encounters: Episode 3,19/10/2021
Entrapment,19/10/2021
Selena: The Series: Part 2: Lo más bello,18/10/2021
Fauda: Season 1: Episode 1,18/10/2021
Marvel's The Defenders: Limited Series: The H Word,18/10/2021
The Mitchells vs. The Machines,18/10/2021
Message from the King,18/10/2021
Fitoor,17/10/2021
Countdown: Inspiration4 Mission to Space: Limited Series: Episode 5,17/10/2021
The Forgotten Battle,16/10/2021
Monkey Twins: Episode 1,15/10/2021
Proud Mary,13/10/2021
Security,13/10/2021
Bad Sport: Fallen Idol,13/10/2021
Bartkowiak,13/10/2021
Citation,12/10/2021
Seven,12/10/2021
Mama Drama,12/10/2021
Charlie and the Chocolate Factory,11/10/2021
Colombiana,11/10/2021
Flight,11/10/2021
Project Power,11/10/2021
Bloodshot,11/10/2021
The Billion Dollar Code: Limited Series: Episode 4,10/10/2021
Fifty: The Series: Episode 3,10/10/2021
Elektra,10/10/2021
World's Most Wanted: Félicien Kabuga: The Financer of the Genocide in Rwanda,10/10/2021
Kingdom: Ashin of the North,10/10/2021
Dolemite Is My Name,09/10/2021
The Guilty,09/10/2021
A Sinister Sect: Colonia Dignidad: The Fall,08/10/2021
Knight and Day,07/10/2021
The Chestnut Man: Episode 1,06/10/2021
GANTZ:O,06/10/2021
Lagos Real Fake Life,06/10/2021
Prey,06/10/2021
Close Enemies,06/10/2021
Tears of the Sun,06/10/2021
Ninja Assassin,06/10/2021
The Angry Birds Movie 2,05/10/2021
The Accountant,05/10/2021
Heat,05/10/2021
Paradise Beach,05/10/2021
The Losers,04/10/2021
Fear Street Part 3: 1666,04/10/2021
Blackhat,04/10/2021
Man of Tai Chi,04/10/2021
The Phantom,04/10/2021
Unroyal,04/10/2021
My Little Pony: A New Generation,04/10/2021
Blood Brothers: Malcolm X & Muhammad Ali,01/10/2021
Midnight Mass: Limited Series: Book I: Genesis,01/10/2021
Britney Vs Spears,28/09/2021
High on the Hog: How African American Cuisine Transformed America: Season 1: Our Founding Chefs,28/09/2021
Jaguar: The Hospital,26/09/2021
"Vendetta: Truth, Lies and The Mafia: Limited Series: The Reckoning",26/09/2021
Intrusion,24/09/2021
Okafor's Law,24/09/2021
One Lagos Night,24/09/2021
The Ghost and the Tout,24/09/2021
A Trip to Jamaica,24/09/2021
Monsters Inside: The 24 Faces of Billy Milligan: Limited Series: The Golden Age,24/09/2021
Turning Point: 9/11 and the War on Terror: The System Was Blinking Red,21/09/2021
The Stronghold,19/09/2021
The Americans: Pilot,18/09/2021
Schumacher,18/09/2021
Man on Fire,16/09/2021
The Good Doctor: Season 1: Burnt Food,14/09/2021
Kate,12/09/2021
The Women and the Murderer,12/09/2021
Seventh Son,12/09/2021
Taxi Driver,11/09/2021
Marco Polo: One Hundred Eyes,09/09/2021
In the Heart of the Sea,09/09/2021
The Last Mercenary,09/09/2021
Rugal: Episode 2,07/09/2021
Sucker Punch,06/09/2021
Errementari: The Blacksmith and the Devil,06/09/2021
The Dark Tower,06/09/2021
Underworld: Blood Wars,06/09/2021
Afterlife of the Party,05/09/2021
Dunkirk,03/09/2021
The Last Dance: Episode I,03/09/2021
New Money,03/09/2021
Quam's Money,03/09/2021
The Last Days of American Crime,03/09/2021
He's All That,01/09/2021
Home,01/09/2021
Clickbait: Limited Series: The Answer,30/08/2021
Our Godfather,29/08/2021
Back to the Future,29/08/2021
The Emoji Movie,29/08/2021
Hotel Transylvania 2,28/08/2021
"Bob Ross: Happy Accidents, Betrayal & Greed",27/08/2021
John of God: The Crimes of a Spiritual Healer: The Healer,26/08/2021
Ken Burns Presents: College Behind Bars: A Film by Lynn Novick and Produced by Sarah Botstein: Part One: “Nobody ever taught me any of that.”,26/08/2021
This Is Where I Leave You,26/08/2021
Stalin's Daughter,23/08/2021
Tomb Raider,23/08/2021
Sweet Girl,22/08/2021
Vivo,22/08/2021
Pad Man,22/08/2021
Memories of a Murderer: The Nilsen Tapes,22/08/2021
Black Island,21/08/2021
Beckett,21/08/2021
Killer Ratings: The Accusation,20/08/2021
Wives on Strike: The Revolution,20/08/2021
The Big Short,19/08/2021
The Water Man,15/08/2021
Horrible Bosses 2,15/08/2021
The Kissing Booth 3,15/08/2021
The Trials of Gabriel Fernandez: Limited Series: Gabriel's Voice,14/08/2021
'76,09/08/2021
Fear Street Part 1: 1994,09/08/2021
Lupin: Part 2: Chapter 8,08/08/2021
Shiny_Flakes: The Teenage Drug Lord,06/08/2021
Cocaine Cowboys: The Kings of Miami: Limited Series: 75 Tons,06/08/2021
Mimi,05/08/2021
Ije: The Journey,04/08/2021
Searching For Sheela,04/08/2021
Top Secret UFO Projects: Declassified: Code Name Aurora,03/08/2021
Myth & Mogul: John DeLorean: Busted,02/08/2021
Resort to Love,01/08/2021
This Is a Robbery: The World's Biggest Art Heist: Limited Series: $10 Million Reward,31/07/2021
"Heist: The Bourbon King, Part 2",29/07/2021
YES DAY,27/07/2021
Sons of the Caliphate: Episode 1,26/07/2021
Blood Red Sky,25/07/2021
The Hangover,24/07/2021
2 Weeks in Lagos,23/07/2021
How to Become a Tyrant: Rule Forever,21/07/2021
Prime Time,18/07/2021
Elize Matsunaga: Once Upon a Crime: Season 1: Echoes of a Crime,18/07/2021
Only Mine,16/07/2021
Enough,13/07/2021
Journey of an African Colony: Dividing up the continent,13/07/2021
Finding Hubby,13/07/2021
Boys Over Flowers: Episode 1,10/07/2021
Xtreme,10/07/2021
10 Days in Sun City,09/07/2021
Collateral,09/07/2021
Seven and a half dates,07/07/2021
A Man for the Weekend,06/07/2021
Deranged,05/07/2021
CHIPS,05/07/2021
A Way Back Home,04/07/2021
Jiva!: Fetch Your Life,04/07/2021
RattleSnake - The Ahanna Story,04/07/2021
Voiceless,02/07/2021
The Girl in the Spider's Web,01/07/2021
Sophie: A Murder in West Cork: Limited Series: The Suspect,01/07/2021
The Irregulars: Chapter Two: The Ghosts of 221B,30/06/2021
Good on Paper,30/06/2021
Kambili: The Whole 30 Yards,29/06/2021
Coded Bias,27/06/2021
StartUp: Season 3: Trading Up,27/06/2021
R.I.P.D.,26/06/2021
Fatherhood,25/06/2021
Gold Statue,20/06/2021
Road to Yesterday,20/06/2021
Words on Bathroom Walls,20/06/2021
Criminal,18/06/2021
Kevin Hart: Zero F**ks Given,18/06/2021
About Last Night,18/06/2021
Desperado,17/06/2021
Believe Me: The Abduction of Lisa McVey,16/06/2021
Human: The World Within: React,15/06/2021
Clash,15/06/2021
Wish Dragon,15/06/2021
Awake,14/06/2021
Mystic River,13/06/2021
Skater Girl,13/06/2021
Peaky Blinders: Season 1: Episode 1,09/06/2021
Chief Daddy,07/06/2021
King Arthur: Legend of the Sword,06/06/2021
Unknown,06/06/2021
First Match,06/06/2021
The Blacklist: Season 1: The Freelancer (No. 145),06/06/2021
Ferry,05/06/2021
The Boy Who Harnessed the Wind,04/06/2021
The Office (U.S.): Season 5: Frame Toby,04/06/2021
Ragnarok: Season 2: Brothers in Arms,04/06/2021
Blue Miracle,02/06/2021
Baggio: The Divine Ponytail,02/06/2021
Everything But a Man,02/06/2021
Ingobernable: Season 1: The Getaway,01/06/2021
The Mystic River: Episode 1,01/06/2021
Creating an Army of the Dead,01/06/2021
I Am All Girls,31/05/2021
Nail Bomber: Manhunt,30/05/2021
Strain,28/05/2021
"Money, Explained: Limited Series: Retirement",27/05/2021
Who Killed Sara?: Season 2: I Killed Sara,27/05/2021
Get the Grift,22/05/2021
The Woman in the Window,16/05/2021
Illegal Woman,16/05/2021
Yasuke: Ronin,09/05/2021
And Tomorrow the Entire World,09/05/2021
The Innocent: Limited Series: Episode 8,09/05/2021
Miss Congeniality,08/05/2021
The Sons of Sam: A Descent into Darkness: Limited Series: Rabbit Hole,08/05/2021
Orange Is the New Black: Season 1: Tit Punch,06/05/2021
Sand Castle,02/05/2021
Simply Black,02/05/2021
Sexify: Season 1: Episode 1,02/05/2021
Concrete Cowboy,01/05/2021
Wild Dog,01/05/2021
Despicable Me 2,01/05/2021
Tammy,29/04/2021
Zero: Episode 3,29/04/2021
Inside Job,19/04/2021
New Gods: Nezha Reborn,17/04/2021
Awon Boyz,16/04/2021
Into the Beat,16/04/2021
Love and Monsters,15/04/2021
Why Did You Kill Me?,15/04/2021
New Amsterdam: Season 2: A Matter of Seconds,13/04/2021
The Dictator,12/04/2021
Thunder Force,09/04/2021
The Fisherman's Diary,07/04/2021
God Calling,03/04/2021
Code Geass: Lelouch of the Rebellion: Season 2: Episode 25,03/04/2021
Loyiso Gola: Unlearning,03/04/2021
Who's the Boss,02/04/2021
Secret Magic Control Agency,31/03/2021
The Story of God with Morgan Freeman: Season 3: Search for the Devil,30/03/2021
Marked,30/03/2021
Bad Trip,28/03/2021
Age of Samurai: Battle for Japan: Seizing Power,28/03/2021
The Most Unknown,26/03/2021
Brené Brown: The Call to Courage,25/03/2021
What We Started,25/03/2021
Just In Time,24/03/2021
Behind Her Eyes: Limited Series: Behind Her Eyes,24/03/2021
The Fear of 13,24/03/2021
Made You Look: A True Story About Fake Art,23/03/2021
Sky Rojo: Season 1: Red Leatherette Sofa,23/03/2021
The One: Episode 8,19/03/2021
Operation Varsity Blues: The College Admissions Scandal,17/03/2021
The Midnight Sky,16/03/2021
Dealer: Big Shot,16/03/2021
The Lost Pirate Kingdom: The Empire Strikes Back,15/03/2021
White House Down,12/03/2021
War Dogs,11/03/2021
Late Night,11/03/2021
Fate of Alakada,08/03/2021
Norbit,08/03/2021
The Best of Enemies,08/03/2021
Argo,08/03/2021
Moxie,08/03/2021
High-Rise Invasion: This is a High-Rise Invasion,07/03/2021
Falz Experience,07/03/2021
Challenger: Limited Series: A Major Malfunction,06/03/2021
The Girl on the Train,06/03/2021
The Crew: I Guess That Cake Did Need to Be Refrigerated,05/03/2021
Surviving R. Kelly: Black Girls Matter.,05/03/2021
Blumhouse's Fantasy Island,04/03/2021
Murder Among the Mormons: Limited Series: Episode 3,04/03/2021
Biggie: I Got a Story to Tell,03/03/2021
American Vandal: Season 2: The Dump,03/03/2021
Ginny & Georgia - The Afterparty,03/03/2021
I Am Legend,01/03/2021
Love Jacked,27/02/2021
Malcolm & Marie,25/02/2021
Spartacus: War of the Damned: Decimation,24/02/2021
To All the Boys: P.S. I Still Love You,24/02/2021
Pelé,24/02/2021
Amend: The Fight for America: Limited Series: Citizen,24/02/2021
To All The Boys: Always And Forever,24/02/2021
Tribes of Europa: Chapter 6,23/02/2021
Squared Love,22/02/2021
"Crazy, Lovely, Cool: Episode 1",22/02/2021
I Care a Lot,21/02/2021
Namaste Wahala,16/02/2021
Red Dot,13/02/2021
News of the World,13/02/2021
Run All Night,12/02/2021
Invisible City: Season 1: Wish You Were Here,08/02/2021
The Yin-Yang Master: Dream Of Eternity,08/02/2021
Space Sweepers,08/02/2021
San Andreas,03/02/2021
The Dig,01/02/2021
The Sum of All Fears,01/02/2021
50M2: Episode 1,31/01/2021
The Karate Kid Part II,31/01/2021
Fate: The Winx Saga: Season 1: To the Waters and the Wild,31/01/2021
Below Zero,30/01/2021
The Karate Kid,30/01/2021
June & Kopi,29/01/2021
Mokalik (Mechanic),29/01/2021
Alice in Borderland: Season 1: Episode 5,28/01/2021
Out of Sight,28/01/2021
The White Tiger,27/01/2021
The Hater,26/01/2021
In My Country,24/01/2021
Tiny Pretty Things: Push Comes to Shove,24/01/2021
Spycraft: Special Ops and the Saboteur,23/01/2021
The Social Network,23/01/2021
Inhuman Resources: Limited Series: Episode 6,23/01/2021
Outside the Wire,19/01/2021
Double Dad,18/01/2021
The Alienist: The Boy on the Bridge,16/01/2021
Death to 2020,16/01/2021
Chris Rock Total Blackout: The Tamborine Extended Cut,16/01/2021
The Queen's Gambit: Limited Series: Exchanges,16/01/2021
SanPa: Sins of the Savior: Limited Series: Growth,15/01/2021
Night Stalker: The Hunt for a Serial Killer: Limited Series: Manhunt,15/01/2021
"Crack: Cocaine, Corruption & Conspiracy",13/01/2021
Pretend It’s a City: Limited Series: Cultural Affairs,13/01/2021
Star Trek: Discovery: The Vulcan Hello,12/01/2021
Unauthorized Living: Season 1: Episode 1,12/01/2021
History of Swear Words: Damn,12/01/2021
Surviving Death: Seeing Dead People,12/01/2021
Tony Parker: The Final Shot,11/01/2021
Tower Heist,11/01/2021
Pieces of a Woman,10/01/2021
Marvel's Iron Fist: Snow Gives Way,08/01/2021
The Legend of Tarzan,07/01/2021
The Man from U.N.C.L.E.,06/01/2021
Dracula Untold,06/01/2021
Batman v Superman: Dawn of Justice,06/01/2021
Fast & Furious Spy Racers: Season 3: Sahara: The Giant Haboob,31/12/2020
Christmas Crossfire,30/12/2020
Kung Fu Hustle,30/12/2020
The 2nd,30/12/2020
THE UNLISTED: Episode 15,30/12/2020
Ma Rainey's Black Bottom: A Legacy Brought to Screen,29/12/2020
We Can Be Heroes,28/12/2020
Sweet Home: Season 1: Episode 1,28/12/2020
The Ripper: Limited Series: Out of the Shadows,18/12/2020
Charlie's Angels,18/12/2020
Fierce,16/12/2020
Hanna,15/12/2020
Rose Island,15/12/2020
Canvas,15/12/2020
Miss Bala,11/12/2020
Room 2806: The Accusation: Limited Series: Episode 4,08/12/2020
Alien Worlds: Atlas,02/12/2020
The Barrier: Another World,02/12/2020
The Princess Switch: Switched Again,30/11/2020
Virgin River: Season 1: Carry On,30/11/2020
Shawn Mendes: In Wonder,28/11/2020
The Beast,28/11/2020
Voices of Fire: The Debut Concert,26/11/2020
Crip Camp: A Disability Revolution,20/11/2020
The Life Ahead,19/11/2020
Trial 4: Limited Series: Chapter 8: Worst Case Scenario,16/11/2020
The Resistance Banker,12/11/2020
Undercover: Season 1: Camping Zonnedauw,12/11/2020
David Attenborough: A Life on Our Planet,07/11/2020
Kalushi: The Story of Solomon Mahlangu,06/11/2020
Zero Dark Thirty,06/11/2020
Carmel: Who Killed Maria Marta?: Limited Series: A Rainy Sunday,06/11/2020
Assassin's Creed,05/11/2020
Holidate,05/11/2020
Operation Christmas Drop,05/11/2020
Secrets of the Saqqara Tomb,04/11/2020
In Line,03/11/2020
Your Excellency,02/11/2020
His House,02/11/2020
You've Got This,28/10/2020
Sarah Cooper: Everything's Fine,28/10/2020
Rebecca,28/10/2020
Bad Boy Billionaires: India: The King of Good Times,27/10/2020
Over the Moon,25/10/2020
Brave Blue World: Racing to Solve Our Water Crisis,25/10/2020
Barbarians: Wolf and Eagle,24/10/2020
The Trial of the Chicago 7,19/10/2020
Serious Men,18/10/2020
Someone Has to Die: Limited Series: Release the Prey,18/10/2020
Oktoberfest: Beer & Blood: Limited Series: Vision,17/10/2020
La Révolution: Chapter One - The Beginning,17/10/2020
Connected: Surveillance,17/10/2020
Òlòtūré,14/10/2020
BLACKPINK: Light Up the Sky,14/10/2020
Love Wedding Repeat,09/10/2020
Michelle Buteau: Welcome to Buteaupia,07/10/2020
Vampires vs. the Bronx,06/10/2020
"Good Morning, Verônica: Season 1: Good Morning, Verônica",06/10/2020
Bad Boys for Life,06/10/2020
American Murder: The Family Next Door,04/10/2020
Sneakerheads: 100% Pure Adrenaline,28/09/2020
Dirty Money: Season 2: Slumlord Millionaire,28/09/2020
Ratched: Mildred and Edmund,28/09/2020
The Playbook: José Mourinho: A Coach's Rules for Life,23/09/2020
Coming from Insanity,21/09/2020
Lara and the Beat,20/09/2020
Friends: Season 7: The One with Monica's Thunder,20/09/2020
Johnny English Reborn,20/09/2020
Santana,20/09/2020
The Longest Yard,20/09/2020
The Other Guys,20/09/2020
The Paramedic,20/09/2020
The Dark Knight,18/09/2020
The Babysitter: Killer Queen,15/09/2020
#Alive,11/09/2020
Jailbirds: We’re All Criminals,11/09/2020
The Social Dilemma,10/09/2020
Cobra Kai: Season 1: Counterbalance,02/09/2020
Freaks – You're One of Us,02/09/2020
Unknown Origins,01/09/2020
Intuition,01/09/2020
Anelka: Misunderstood,30/08/2020
The Umbrella Academy: Season 2: The Majestic 12,30/08/2020
Sin City,30/08/2020
Biohackers: Season 1: Certainty,30/08/2020
Wanted: Season 2: Episode 4,30/08/2020
I AM A KILLER: RELEASED: A New Motive,30/08/2020
High Score: Limited Series: Level Up,28/08/2020
3%: Season 4: Chapter 06: Buttons,27/08/2020
It's Her Day,23/08/2020
Work It,21/08/2020
Miracle in Cell No. 7,21/08/2020
The Crimes That Bind,21/08/2020
Perfect Stranger,20/08/2020
The Incident,18/08/2020
Arrested Development: Season 1: Pilot,11/08/2020
Locked Up: The Oasis: The Wedding,08/08/2020
Fix Us,04/08/2020
Black and Blue,02/08/2020
2 Guns,28/07/2020
Changeling,28/07/2020
Double World,28/07/2020
Sour Grapes,27/07/2020
1994: Limited Series: The Successor,27/07/2020
The Kissing Booth 2,26/07/2020
Fear City: New York vs The Mafia: Limited Series: Judgment Day,24/07/2020
Cursed: Nimue,18/07/2020
Stateless: Limited Series: The Circumstances in Which They Come,17/07/2020
Trial By Media: Big Dan's,16/07/2020
Fatal Affair,16/07/2020
The Business of Drugs: Limited Series: Opioids,15/07/2020
Elevator Baby,15/07/2020
Skin,15/07/2020
Adú,13/07/2020
When the Bough Breaks,13/07/2020
Potato Potahto,12/07/2020
Isoken,11/07/2020
Down to Earth with Zac Efron: Season 1: Iceland,11/07/2020
#AnneFrank - Parallel Stories,10/07/2020
Desperados,10/07/2020
Kasanova,10/07/2020
The Perfect Picture: Ten Years Later,09/07/2020
The Bling Lagosians,07/07/2020
Zodiac,04/07/2020
The Thing,03/07/2020
Undercover Grandpa,02/07/2020
Mr. Iglesias: Part 1: Some Children Left Behind,02/07/2020
Dark: Season 1: Lies,30/06/2020
The Mirror Boy,30/06/2020
Athlete A,29/06/2020
The Decline,29/06/2020
4th Republic,28/06/2020
Patriot Act with Hasan Minhaj: Volume 6: Why Doing Taxes Is So Hard,28/06/2020
Wasp Network,21/06/2020
The Wolf of Wall Street,20/06/2020
F is for Family: Season 1: The Bleedin’ in Sweden,20/06/2020
Reality Z: The Show Is Over,16/06/2020
The Life of David Gale,11/06/2020
122,10/06/2020
Fary: Hexagone: Season 2: Part 2,10/06/2020
Lenox Hill: Growth Hurts,10/06/2020
13TH,08/06/2020
BoJack Horseman: Season 6: Intermediate Scene Study w/ BoJack Horseman,08/06/2020
Jack Ryan: Shadow Recruit,07/06/2020
Pandemic: How to Prevent an Outbreak: Pandemic Is Now,07/06/2020
Chinese Zodiac,06/06/2020
Merry Men 2: Another Mission,05/06/2020
Inheritors: Episode 2,31/05/2020
Christmas With A View,31/05/2020
The Delivery Boy,31/05/2020
Light in the Dark,30/05/2020
Living in Bondage: Breaking Free,30/05/2020
Space Force: Season 1: LUNAR HABITAT,30/05/2020
Ted,28/05/2020
Jeffrey Epstein: Filthy Rich: Limited Series: Finding Their Voice,27/05/2020
Don't F**k with Cats: Hunting an Internet Killer: Limited Series: Cat and Mouse,25/05/2020
The Innocence Files: Limited Series: The Prosecution: The Million Dollar Man,24/05/2020
The Lovebirds,23/05/2020
Into the Night: Season 1: Terenzio,21/05/2020
The Imitation Game,20/05/2020
Inception,19/05/2020
Searching,16/05/2020
The Lift Boy,16/05/2020
Mute,16/05/2020
The Edge of Seventeen,15/05/2020
The Wrong Missy,13/05/2020
No Strings Attached,11/05/2020
Becoming,10/05/2020
Downsizing,09/05/2020
The Half Of It,09/05/2020
Prison Break: Season 4: The Mother Lode,06/05/2020
Dangerous Lies,04/05/2020
Never Have I Ever: Season 1: ... said I'm sorry,02/05/2020
The Town,30/04/2020
Room,30/04/2020
"Sex, Explained: Limited Series: Fertility",30/04/2020
Love Is War,29/04/2020
Extraction,28/04/2020
"Coronavirus, Explained: Limited Series: This Pandemic",27/04/2020
Jane The Virgin: Season 1: Chapter Two,14/04/2020
Lucy,14/04/2020
Thanks for Sharing,14/04/2020
Countdown to Death: Pablo Escobar,11/04/2020
GoodFellas,10/04/2020
Uncorked,09/04/2020
Escape Room,09/04/2020
Holiday in the Wild,09/04/2020
30 Minutes or Less,08/04/2020
Coffee & Kareem,06/04/2020
How to Fix a Drug Scandal: Limited Series: Episode 4,02/04/2020
The Platform,30/03/2020
"My Secret, Terrius: Episode 10",27/03/2020
93 Days,26/03/2020
The Letter for the King: Storm Clouds Gather,26/03/2020
Lil Peep: Everybody’s Everything,25/03/2020
The Occupant,25/03/2020
Tiger King: Dethroned,25/03/2020
Self Made: Inspired by the Life of Madam C.J. Walker: Limited Series: Bootstraps,23/03/2020
Abstract: The Art of Design: Season 2: Ian Spalter: Digital Product Design,23/03/2020
Slender Man,21/03/2020
Lost Girls,19/03/2020
Twin Murders: the Silence of the White City,17/03/2020
Restaurants on the Edge: Season 1: Malta,16/03/2020
100 Humans: Are You Biased?,16/03/2020
Isn't It Romantic,14/03/2020
Alakada Reloaded,14/03/2020
Travelers: Season 1: Helios 685,04/03/2020
Always a Witch: Season 2: Mr. Hyde,02/03/2020
Altered Carbon: Season 1: The Wrong Man,01/03/2020
A Fall from Grace,01/03/2020
Airplane Mode,01/03/2020
Queen Sono: I Am Queen Sono,01/03/2020
"I Am Not Okay With This: Deepest, Darkest Secret",29/02/2020
Celebrity Marriage,27/02/2020
Vikings: Season 3: Breaking Point,27/02/2020
Unabomber - In His Own Words: Episode 4,26/02/2020
Night on Earth: Limited Series: Moonlit Plains,23/02/2020
Spectros: The Porcelain Doll,23/02/2020
Orphan Black: Season 3: Scarred by Many Past Frustrations,22/02/2020
The Last Thing He Wanted,22/02/2020
Secrets of Underground London,21/02/2020
"The Vampire Diaries: Season 4: O Come, All Ye Faithful",18/02/2020
Supergirl: Season 1: Livewire,18/02/2020
Impractical Jokers: Pay It Forward,17/02/2020
Sex and the City 2,14/02/2020
Locke & Key: Season 1: Crown of Shadows,13/02/2020
To All the Boys I’ve Loved Before,12/02/2020
Miss Americana,11/02/2020
Brightburn,11/02/2020
Omniscient: Don't forget that I'll keep my eyes on you,11/02/2020
Who Killed Malcolm X?: Legacies,10/02/2020
The Pharmacist: Limited Series: Tunnel of Hope,10/02/2020
Uncut Gems,05/02/2020
Diablero: Season 1: The Demons are Among Us,05/02/2020
American Experience: The Circus: Pt. 1,05/02/2020
Luna Nera: Light,04/02/2020
Hakkunde,01/02/2020
Rise of Empires: Ottoman: The Conquest of Constantinople: Ancient Prophecies,31/01/2020
October Faction: No Country for Old Vamps,31/01/2020
You Cannot Hide: Final Destination,30/01/2020
Fortune Feimster: Sweet & Salty,27/01/2020
Think Like a Man,20/01/2020
Handsome Siblings: Episode 1,20/01/2020
"The Circle: Season 1: Hello, Circle",20/01/2020
Ad Vitam: Episode 1,19/01/2020
Eye For An Eye,16/01/2020
Daddy's Home 2,16/01/2020
Zero Hour,16/01/2020
Leslie Jones: Time Machine,16/01/2020
Killer Inside: The Mind of Aaron Hernandez: Limited Series: Episode 3,16/01/2020
Chris Brown: Welcome to My Life,14/01/2020
Clash of the Titans,13/01/2020
Van Helsing: Season 1: Help Me,13/01/2020
AJ and the Queen: Columbus,12/01/2020
Medical Police: Wheels Up,12/01/2020
Antoine Griezmann: The Making of a Legend,12/01/2020
Ghosts of Sugar Land,12/01/2020
Inhuman Kiss,12/01/2020
Girls With Balls,12/01/2020
All the Freckles in the World,12/01/2020
"Live Twice, Love Once",12/01/2020
The First Lady,12/01/2020
Tiffany Haddish Presents: They Ready: Season 1: Tracey Ashley,12/01/2020
Ghost Stories,08/01/2020
"Daybreak: The Slime Queenpin of Glendale, CA",08/01/2020
Frontier: Season 1: A Kingdom Unto Itself,08/01/2020
Dracula: Blood Vessel,08/01/2020
Pain & Gain,08/01/2020
Rush Hour 3,07/01/2020
The Patriot,07/01/2020
Man of Steel,07/01/2020
Wheelman,07/01/2020
Bobby Kennedy for President: Chapters 1-4: Justice for Bobby,07/01/2020
Triple Frontier,06/01/2020
The Raid: Redemption,06/01/2020
Marshall,06/01/2020
Eagle Eye,05/01/2020
The Equalizer 2,04/01/2020
Hotel Transylvania,04/01/2020
Thieves of the Wood: Episode 1,04/01/2020
London Has Fallen,04/01/2020
Dr. Seuss' The Lorax,01/01/2020
Blitz Patrollie,01/01/2020
The Innocents: The Start of Us,01/01/2020
Colony: Pilot,31/12/2019
Watership Down: Limited Series: The Raid,31/12/2019
Iyore,31/12/2019
Lost in London,31/12/2019
The Vendor,28/12/2019
Good Witch: Season 1: Together We Stand …,27/12/2019
The Five-Year Engagement,26/12/2019
Land of the Lost,25/12/2019
Lost in Space: Season 1: Trajectory,25/12/2019
The Two Popes,24/12/2019
Ray,24/12/2019
Agent: First Half,20/12/2019
Family Reunion: Part 1: Remember How This All Started?,18/12/2019
A Family Reunion Christmas,18/12/2019
My Wife and I,18/12/2019
The Laundromat,16/12/2019
Reign: Pilot,15/12/2019
Slow Country,14/12/2019
Astronomy Club: The Sketch Show: Lamp Room,14/12/2019
6 Underground,14/12/2019
Shirkers,13/12/2019
She-Wolves: England’s Early Queens: Matilda and Eleanor,12/12/2019
Age of Tanks: Blitzkrieg,12/12/2019
Prohibition: A Film by Ken Burns and Lynn Novick: A Nation of Hypocrites,12/12/2019
Somewhere Between: Limited Series: For One to Live,11/12/2019
Master of None: Season 1: Plan B,10/12/2019
The Walking Dead: Season 1: Days Gone Bye,10/12/2019
The Irishman,10/12/2019
Brave Miss World: Brave Miss World,10/12/2019
The First Temptation of Christ,09/12/2019
The Little Mermaid,09/12/2019
Earthquake Bird,09/12/2019
Tall Girl,09/12/2019
#realityhigh,09/12/2019
The Confession Killer: Limited Series: Not One Shred of Evidence,09/12/2019
Crazy people,08/12/2019
"Crazy, Stupid, Love.",08/12/2019
V Wars: The Junkie Run of the Predator Gene,05/12/2019
Iron Fists and Kung-Fu Kicks,05/12/2019
Atlantics,04/12/2019
The Perfect Date,04/12/2019
Naomi and Ely's No Kiss List,04/12/2019
The Island,04/12/2019
Magic for Humans: Season 2: Christmas,04/12/2019
Holiday Rush,04/12/2019
Let It Snow,04/12/2019
The Accidental Spy,03/12/2019
Follow This: Part 1: The Internet Whisperers,02/12/2019
Mortel: Season 1: Super Bad,02/12/2019
Broken: Recycling Sham,02/12/2019
The Movies That Made Us: Season 1: Die Hard,01/12/2019
Newness,29/11/2019
Sex Education: Season 1: Episode 1,29/11/2019
Merry Men: The Real Yoruba Demons,29/11/2019
Payday,29/11/2019
Mars: Novo Mundo,27/11/2019
Prank Encounters: Season 1: Split Party,25/11/2019
House Arrest,25/11/2019
The Stranded: The Return,25/11/2019
"Bikram: Yogi, Guru, Predator",24/11/2019
The Devil Next Door: Limited Series: The Conspiracy,24/11/2019
The Knight Before Christmas,23/11/2019
The Originals: Season 3: The Bloody Crown,22/11/2019
The Toys That Made Us: Season 3: Mighty Morphin Power Rangers,21/11/2019
Iliza Shlesinger: Unveiled,19/11/2019
The Man Without Gravity,17/11/2019
Klaus,16/11/2019
American Son,09/11/2019
Rattlesnake,29/10/2019
Tell Me Who I Am,25/10/2019
Unnatural Selection: Limited Series: Changing an Entire Species,23/10/2019
Wounds,22/10/2019
Knightfall: Season 1: The Black Wolf and the White Wolf,22/10/2019
Interior Design Masters: Episode 1,21/10/2019
Eli,21/10/2019
Hitler - A Career,21/10/2019
Roman Empire: Commodus: Reign of Blood: 14 Days of Blood,21/10/2019
El Camino: A Breaking Bad Movie,19/10/2019
Falling Inn Love,18/10/2019
Moms at War,18/10/2019
Up North,18/10/2019
Fractured,15/10/2019
The Bridge,10/10/2019
In the Tall Grass,09/10/2019
Rotten: Season 2: Reign of Terroir,07/10/2019
Easy A,05/10/2019
Bard of Blood: So Quick Bright Things Come to Confusion,04/10/2019
"Hello, Privilege. It's Me, Chelsea",03/10/2019
Victim Number 8: There Are No Miracles,03/10/2019
The Sinner: Season 2: Julian: Part I,03/10/2019
Living Undocumented: The World Is Watching,02/10/2019
Mo Gilligan: Momentum,02/10/2019
In the Shadow of the Moon,02/10/2019
Glitch: Season 2: All Too Human,01/10/2019
Ghost in the Shell,27/09/2019
Jeff Dunham: Beside Himself,25/09/2019
Get Smart,21/09/2019
The OA: Part I: Chapter 3: Champion,20/09/2019
Between Two Ferns: The Movie,20/09/2019
Marianne: Your Dreams,20/09/2019
Inside Bill's Brain: Decoding Bill Gates: Limited Series: Part 1,20/09/2019
American Factory: A Conversation with the Obamas,19/09/2019
Travis Scott: Look Mom I Can Fly,19/09/2019
Arthdal Chronicles: Episode 1,19/09/2019
Shadowhunters: The Mortal Instruments: Season 1: Raising Hell,17/09/2019
Shanghai Fortress,17/09/2019
Unbelievable: Limited Series: Episode 8,16/09/2019
"The Mind, Explained: Season 1: Memory",15/09/2019
The I-Land: Limited Series: The Dark Backward,14/09/2019
The Dark Crystal: Age of Resistance: Prophets Don't Know Everything,12/09/2019
Hip-Hop Evolution: Season 1: The New Guard,12/09/2019
When They See Us: Limited Series: Part Four,10/09/2019
Dear White People: Volume 3: Chapter X,06/09/2019
Phone Swap,05/09/2019
The Family: Limited Series: Wolf King,04/09/2019
House of Cards: Season 5: Chapter 65,02/09/2019
The Great Hack,28/08/2019
Roll Red Roll,25/08/2019
Screwball,25/08/2019
Better Than Us: Episode 2,24/08/2019
Sextuplets,24/08/2019
MINDHUNTER: Season 1: Episode 2,23/08/2019
Mission: Impossible - Rogue Nation,22/08/2019
NOVA: Black Hole Apocalypse,22/08/2019
Beasts of No Nation,21/08/2019
The Prestige,20/08/2019
Wild Wild Country: Season 1: Part 1,19/08/2019
Losers: Lost in the Desert,18/08/2019
8 Mile,17/08/2019
Happy Jail: Limited Series: Everybody Needs a Second Chance,17/08/2019
Diagnosis: Detective Work,16/08/2019
GLOW: Season 1: The Dusty Spur,13/08/2019
Out of Luck,13/08/2019
The Naked Director: Season 1: Don't Dream It's Over,13/08/2019
The Duplex,12/08/2019
You Me Her: Season 1: Cigarettes and Funions and Crap,12/08/2019
Wu Assassins: Paths: Part 1,09/08/2019
Nappily Ever After,04/08/2019
Lo and Behold: Reveries of the Connected World,03/08/2019
Prescription Thugs,03/08/2019
Otherhood,03/08/2019
Nobody Speak: Trials of the Free Press,01/08/2019
The Letdown: Season 1: The Letdown,31/07/2019
The Highwaymen,31/07/2019
The Red Sea Diving Resort,31/07/2019
Whitney Cummings: Can I Touch It?,31/07/2019
Family Guy: Season 12: Vestigial Peter,31/07/2019
Tiny House Nation: Volume 1: Tiny Forever After,30/07/2019
Beats,30/07/2019
Dating Around: Season 1: Luke,30/07/2019
Inside the Criminal Mind: Serial Killers,30/07/2019
Cartel Land,29/07/2019
Twelve Forever: Birthday Forever,29/07/2019
"We, the Marines",29/07/2019
The Son,29/07/2019
Another Life: Season 1: I Think We're Alone Now,29/07/2019
The Milk System,28/07/2019
The Last Czars: The House of Special Purpose,28/07/2019
Survivors Guide to Prison,28/07/2019
Flint Town: Season 1: The Stand Off,27/07/2019
Strong Island,26/07/2019
The Innocent Man: Season 1: Debbie and Denice,25/07/2019
(T)ERROR,25/07/2019
The Secret,22/07/2019
Finding Nemo,22/07/2019
Audrie & Daisy,21/07/2019
The Disappearance of Madeleine McCann: Season 1: Pact of Silence,21/07/2019
Secret Obsession,20/07/2019
Operation Odessa,17/07/2019
Betting on Zero,17/07/2019
The Accountant of Auschwitz,16/07/2019
DeRay Davis: How to Act Black,15/07/2019
Taco Chronicles: Volume 1: Pastor,15/07/2019
Silicon Cowboys,15/07/2019
The China Hustle,15/07/2019
Freeway: Crack in the System,15/07/2019
Maya Angelou: And Still I Rise,15/07/2019
Extreme Engagement: Like a Woman Possessed,15/07/2019
The Confession Tapes: Season 2: Gaslight,14/07/2019
Kidnapping Stella,13/07/2019
Aziz Ansari: RIGHT NOW,11/07/2019
The Fresh Prince of Bel-Air: The Fresh Prince Project,10/07/2019
Exhibit A: Touch DNA,08/07/2019
ANIMA,03/07/2019
Shaft,30/06/2019
The Creative Brain,26/06/2019
Bob Lazar: Area 51 & Flying Saucers,26/06/2019
Marvel's Jessica Jones: Season 3: A.K.A Everything,23/06/2019
Always Be My Maybe,22/06/2019
Good Sam,22/06/2019
Oprah Winfrey Presents: When They See Us Now,21/06/2019
The Visit,21/06/2019
Catching Feelings,19/06/2019
The Perfection,19/06/2019
Step Sisters,14/06/2019
The Wedding Party,14/06/2019
Good Girls: Season 2: Pick Your Poison,13/06/2019
Chopsticks,13/06/2019
Ali Wong: Hard Knock Wife,12/06/2019
Tony Robbins: I Am Not Your Guru,08/06/2019
The Black Godfather,08/06/2019
Banking on Bitcoin,08/06/2019
Miranda Sings Live…Your Welcome,08/06/2019
I Am Mother,08/06/2019
Knocked Up,30/05/2019
See You Yesterday,26/05/2019
Wanda Sykes: Not Normal,26/05/2019
Rim of the World,26/05/2019
Turn Up Charlie: Episode 5,02/05/2019
The Net,01/05/2019
Gaga: Five Foot Two,01/05/2019
The Assassination of Gianni Versace: House by the Lake,29/04/2019
Life,27/04/2019
"Street Food: Asia: Bangkok, Thailand",27/04/2019
The Siege of Jadotville,24/04/2019
Someone Great,24/04/2019
One Strange Rock: Storm,24/04/2019
The Ruthless,23/04/2019
Grass Is Greener,23/04/2019
Alien Warfare,21/04/2019
HOMECOMING: A film by Beyoncé,21/04/2019
The Trap,21/04/2019
Black Summer: Season 1: The Stadium,16/04/2019
The Arbitration,13/04/2019
She's Gotta Have It: Season 1: #DaJumpoff (DOCTRINE),13/04/2019
Couple of Days,12/04/2019
When Love Happens,12/04/2019
Quicksand: The Funeral,07/04/2019
The Spy Who Fell to Earth,07/04/2019
Tijuana: Sinners & Saints,06/04/2019
The Most Hated Woman in America,31/03/2019
Delhi Crime: Season 1: Episode 4,31/03/2019
The Legend of Cocaine Island,29/03/2019
Crime Diaries: The Candidate: Limited Series: Who Did It?,23/03/2019
Amy Schumer Growing,19/03/2019
John Leguizamo's Latin History for Morons,19/03/2019
Breaking Bad: Season 1: Gray Matter,13/03/2019
The People vs. O.J. Simpson: The Verdict,13/03/2019
Unsolved: Tupac & Biggie: Wherever It Leads,07/03/2019
Secret in Their Eyes,02/03/2019
The Photographer Of Mauthausen,01/03/2019
Wormwood: Chapters 1-6: Chapter 6: Remember Me,01/03/2019
Dirty John: The Dirty Truth,28/02/2019
Race for the White House: 1992: Bill Clinton vs George H W Bush,28/02/2019
Behind the Curve,28/02/2019
Hush,28/02/2019
Velvet Buzzsaw,27/02/2019
The Invitation,27/02/2019
D.L. Hughley: Contrarian,27/02/2019
Inside the Real Narcos: Colombia,25/02/2019
Rebellion: Season 1: Young Guns,23/02/2019
"What Happened, Miss Simone?",22/02/2019
Paddleton,22/02/2019
Amanda Knox,21/02/2019
"Ray Romano: Right Here, Around the Corner",19/02/2019
The 43: Episode 1,18/02/2019
"Ken Jeong: You Complete Me, Ho",15/02/2019
The Road to Calvary: Episode 1,14/02/2019
Kevin Hart's Guide to Black History,14/02/2019
Mo Amer: The Vagabond,13/02/2019
Struggle: The Life and Lost Art of Szukalski,10/02/2019
The Keepers: Season 1: The Murder,07/02/2019
Cedric the Entertainer: Live from the Ville,07/02/2019
Hostages: Episode 1,07/02/2019
When Heroes Fly: Roger and Out,07/02/2019
The Story of Diana: Part 2,03/02/2019
The Final Year,02/02/2019
Comedians in Cars Getting Coffee: New 2018: Freshly Brewed: Dana Carvey: Na..  Ga..  Do..  It,01/02/2019
Africa: Kalahari,01/02/2019
Steve Jobs: Billion Dollar Hippy,31/01/2019
Frozen Planet: Spring,31/01/2019
Trump: An American Dream: Politics,31/01/2019
Whitney,30/01/2019
F.R.E.D.I.,30/01/2019
After Porn Ends 3,30/01/2019
Gabriel Fluffy Iglesias: One Show Fits All,30/01/2019
Animas,27/01/2019
Lionheart,27/01/2019
Black Earth Rising: Limited Series: Looking at the Past,27/01/2019
Gotham: Season 3: Destiny Calling / Heavydirtysoul,26/01/2019
Abducted in Plain Sight,22/01/2019
Batman Begins,22/01/2019
The Last Laugh,22/01/2019
IO,22/01/2019
Sebastian Maniscalco: Stay Hungry,17/01/2019
And Breathe Normally,17/01/2019
The Young Offenders,17/01/2019
The Incredible Jessica James,16/01/2019
Invasion 1897,13/01/2019
The Mad Monk,13/01/2019
Touch: Season 2: Enemy of My Enemy,11/01/2019
Bird Box,09/01/2019
Black Mirror: Season 4: USS Callister,09/01/2019
The Revenant,08/01/2019
Trollhunters: Tales of Arcadia: Part 1: Gnome Your Enemy,08/01/2019
Tidying Up with Marie Kondo: Tidying With Toddlers,06/01/2019
Paul Blart: Mall Cop,04/01/2019
The Tuxedo,04/01/2019
COMEDIANS of the world: South Africa: Riaad Moosa,04/01/2019
First They Killed My Father,02/01/2019
Noah,31/12/2018
Memories of the Alhambra: Episode 1,31/12/2018
Murder Mountain: Breaking Point,29/12/2018
The Fix: Let's Fix The Aging Population,29/12/2018
3Below: Tales of Arcadia: Part 1: Terra Incognita Part One,28/12/2018
Unacknowledged,27/12/2018
Serial Killer with Piers Morgan: Episode 1,27/12/2018
Ask the Doctor: Genes,26/12/2018
Long Shot,26/12/2018
Ellen DeGeneres: Relatable: Special: Ask Ellen,24/12/2018
Time: The Kalief Browder Story: Part 6 - The After Life,24/12/2018
"Out of Many, One",24/12/2018
7 Days Out: League of Legends,23/12/2018
The Protector: Season 1: Episode 6,21/12/2018
Evil Genius: the True Story of America's Most Diabolical Bank Heist: Limited Series: Part 1: The Heist,20/12/2018
Death by Magic: CAPE TOWN: The Great Escape,17/12/2018
Daughter of the Lake,16/12/2018
Christiane Amanpour: Sex & Love Around the World: Shanghai,16/12/2018
The White Helmets,15/12/2018
The Inmate: Episode 2,14/12/2018
Timeless: The Alamo,14/12/2018
Pine Gap: Episode 1,11/12/2018
Angela's Christmas,01/12/2018
The Missing,29/11/2018
Fugitiva: Episode 7,28/11/2018
Transfers: Episode 1,23/11/2018
Death at a Funeral,23/11/2018
The Christmas Chronicles,23/11/2018
The Week Of,23/11/2018
A Matter of Faith,18/11/2018
Coming to America,18/11/2018
Secret City: A Donation to the Struggle,18/11/2018
Shrek the Third,14/11/2018
Marcella: Season 1: Episode 4,12/11/2018
The Forest: Episode 1,12/11/2018
Albion: The Enchanted Stallion,11/11/2018
"Captive: Season 1: Al Qaeda Hostages, Yemen",11/11/2018
Outlander: Season 1: Sassenach,11/11/2018
Safe: Episode 8,10/11/2018
Westside: Structure,10/11/2018
Medal of Honor: Ty M. Carter,10/11/2018
Outlaw King,09/11/2018
The Driver: Episode 1,09/11/2018
Getaway Plan,09/11/2018
Shimmer Lake,08/11/2018
League of Gods,08/11/2018
Force 2,08/11/2018
You Get Me,07/11/2018
Secrets of Her Majesty's Secret Service,07/11/2018
Dude,06/11/2018
Secrets of Great British Castles: Season 1: Dover Castle,05/11/2018
Edge of Fear,05/11/2018
Real Detective: Redemption,05/11/2018
Limitless: Pilot,04/11/2018
The Holiday Calendar,04/11/2018
Takers,03/11/2018
Making a Murderer: Part 1: Eighteen Years Lost,03/11/2018
The Last Heist,01/11/2018
Seven Seconds: Limited Series: Pilot,01/11/2018
Michael Jackson's This Is It,27/10/2018
Broadchurch: Episode 1,27/10/2018
The Break: Episode 1,27/10/2018
The Investigator: A British Crime Story: Season 2: Episode 2,27/10/2018
Goosebumps,27/10/2018
Ride Along 2,27/10/2018
Terrorism Close Calls: German Jihad & The EURO Plot,27/10/2018
"How to Get Away With Murder: Season 1: Smile, or Go to Jail",24/10/2018
Sense8: Season 2: Obligate Mutualisms,23/10/2018
Bright,20/10/2018
Marvel's Daredevil: Rabbit in a Snowstorm,20/10/2018
Act of Vengeance,20/10/2018
The Returned: Camille,14/10/2018
SPF-18,14/10/2018
Apostle,14/10/2018
The Kissing Booth,13/10/2018
Murderous Affairs: Saints and Sinners,13/10/2018
Feminists: What Were They Thinking?,13/10/2018
The Haunting of Hill House: Steven Sees a Ghost,13/10/2018
22 July,11/10/2018
True Memoirs of an International Assassin,09/10/2018
TAU,09/10/2018
The Equalizer,09/10/2018
13 Hours: The Secret Soldiers of Benghazi,09/10/2018
The Cloverfield Paradox,09/10/2018
Central Intelligence,09/10/2018
Annihilation,08/10/2018
"Crouching Tiger, Hidden Dragon: Sword of Destiny",05/10/2018
Bean: The Ultimate Disaster Movie,05/10/2018
Krrish 3,05/10/2018
Ghostbusters: Answer the Call,05/10/2018
The Witch,05/10/2018
Operation Finale,05/10/2018
The Good Cop: Who Framed the Good Cop?,02/10/2018
The World's Most Extraordinary Homes: Season 2 Part A: USA,02/10/2018
The Boss,02/10/2018
Naked,02/10/2018
War Machine,01/10/2018
Set It Up,01/10/2018
Headshot,01/10/2018
Hold the Dark,01/10/2018
Sierra Burgess Is a Loser,30/09/2018
On My Skin,27/09/2018
City of Joy,27/09/2018
Green Zone,27/09/2018
Darc,27/09/2018
Spectral,27/09/2018
The Angel,21/09/2018
Inside the Freemasons: Episode 4,21/09/2018
First and Last: Take Your Charge,20/09/2018
Drug Lords: Season 1: Pablo Escobar,20/09/2018
The New Legends of Monkey: Season 1: A Hero to Save Us All,12/09/2018
"Disenchantment: Part 1: A Princess, an Elf, and a Demon Walk Into a Bar",12/09/2018
The Angry Birds Movie,10/09/2018
Next Gen,10/09/2018
Marvel's Luke Cage: Moment of Truth,09/09/2018
